Product No.,Lot No.,Description,Age (yrs),Viability,Confluence,MTT,ECOD,7-HCG,7-HCS,PHEN,COUM,BUP,AMO,TOLB,MEPH,DEX,CZX,TEST,MID,AO,UGT1A1,CYP1A2 (Enz) Induction,CYP1A2 Basal Rate,CYP1A2 (mRNA) Induction,CYP2B6 (Enz) Induction,CYP2B6 Basal Rate,CYP2B6 (mRNA) Induction,CYP3A4 (Enz) Induction,CYP3A4 Basal Rate,CYP3A4 (mRNA) Induction,Genotype 2D6,Genotype 2C9,Genotype 2C19,NAT1 Enzyme,NAT2 Enzyme,NAT1 Genotype,NAT2 Genotype
M00995-P,AAS,Male,51,86%,70%,0.45,21,174,20,29,31,NT,NT,12,2,7,56,16,NT,NT,NT,21,NT,NT,NT,NT,NT,18,NT,NT,NT,NT,NT,NT,NT,NT,NT
M00995-P,ACB,Male,51,85%,98%,0.566,141,446,56,7,24,290,227,129,2,49,27,34,53,NT,NT,31,10.7,113,4,15.5,13.2,3,83,47,*1/*1,*1/*1,*1/*2,6.06,4.04,*4/*10,*4/6A
M00995-P,ACZ,Male,54,87%,97%,0.15,120,421,45,3,20,17,107,20,2,33,31,6,5,NT,NT,23,2,37,8,1.18,8.77,25,6.63,61.9,*1/*41,*1/*3,*1/*2,6.16,1.32,*4/*4,*4/*4
F00995-P,ADR,Female,38,90%,98%,0.336,144,550,44,26,117,21,211,30,14,47,23,56,25,138,49,16,10.7,46.4,7,4.67,7.2,15,15.9,115,NT,NT,NT,NT,NT,NT,NT
F00995-P,AIH,Female,55,94%,97%,0.308,28,519,39,3,34,4,79,33,0.2,12,6,32,NT,NT,NT,22,2.42,28.1,7,0.227,10.2,9,17.9,44.2,NT,NT,NT,13.87,1.6,*10/*10,*4/*13A
F00995-P,AKB,Female,39,94%,90%,0.429,136,372,46,23,7,NT,NT,23,1,51,46,31,NT,NT,NT,11,6.2,28.9,16,0.787,13.9,15,28.8,15.8,NT,NT,NT,NT,NT,NT,NT
F00995-P,AOS,Female,53,90%,97%,0.204,73,495,45,29,77,15,134,19,2,20,24,79,18,213,5,13,14.7,23,6,2.32,7.77,10,20.2,14.3,NT,NT,NT,4.29,1.15,*4/*10,*4/*5
M00995-P,AQL,Male,63,91%,98%,0.385,96,446,47,25,112,134,199,53,9,1,19,83,66,NT,NT,12.5,11.5,44.3,1.9,2.97,24.9,11.3,18.2,85.9,NT,NT,NT,NT,NT,NT,NT
M00995-P,BAD,Male,60,75%,70%,0.34,22,213,19,5,28,NT,NT,14,BQL,10,54,31,NT,NT,NT,15,NT,NT,NT,NT,NT,12,NT,NT,NT,NT,NT,NT,NT,NT,NT
F00995-P,BCD,Female,7,75%,99%,0.487,73,397,177,50,52,57,162,43,61,44,8,127,129,NT,NT,17,8.73,72.5,13,2.37,26.5,9,20,184,NT,NT,NT,NT,NT,NT,NT
F00995-P,BGV,Female,26,82%,98%,0.379,75,557,77,7,25,20,234,58,15,29,13,27,33,273,40,12,13.1,43.6,12,6.36,14.9,5,32.6,55,NT,NT,NT,2.79,1.96,*4/*4,*4/*4
M00995-P,BGW,Male,50,90%,98%,0.267,63,576,38,27,157,31,177,56,BQL,21,8,161,51,197,15,17,7.67,32.7,4,4.57,16.9,9,37.9,28.3,NT,NT,NT,5.58,0.67,*4/*4,*4/*6
F00995-P,BPB,Female,42,78%,70%,0.162,9,24,5,6,51,NT,NT,13,3,36,56,48,NT,NT,NT,9,0.53,NT,NT,NT,NT,12,9.18,NT,NT,NT,NT,NT,NT,NT,NT
M00995-P,BVI,Male,0.016,92%,98%,0.397,61,57,37,2,56,72,122,95,14,10,94,41,53,0,3,2,3.34,8.7,4,3.05,7,13,15.1,124,NT,NT,NT,NT,NT,NT,NT
M00995-P,BXM,Male,35,80%,98%,0.323,76,553,34,10,168,33,223,43,9,27,24,137,36,264,44,21,1.97,TBD,5,0.8,TBD,17,13.94,TBD,NT,NT,NT,NT,NT,NT,NT
M00995-P,CML,Male,38,89%,98%,0.277,260,371,43,23,16,64,114,58,2,66,64,34,11,NT,NT,9.24,7.96,27.7,4.85,1.32,11.2,13.1,10.5,48.7,NT,NT,NT,NT,NT,NT,NT
M00995-P,CRT,Male,27,82%,99%,0.412,127,533,28,77,91,60,155,93,12,24,15,120,91,NT,NT,15,4.94,35,6,3.19,16.3,12,18.4,82.9,NT,NT,NT,NT,NT,NT,NT
F00995-P,DEA,Female,39,82%,98%,0.268,30,355,21,1,74,44,92,14,2,16,16,15,5,160,35.2,31,0.84,37,7,0.273,6,37,2.93,114,NT,NT,NT,NT,NT,NT,NT
M00995-P,DOO,Male,57,83%,92%,0.291,123,378,17,45,3,NT,NT,29,1,76,82,41,NT,NT,NT,7,3.15,9,12,0.33,15,8,10.11,10,wt/wt,wt/*3,wt/*2,29,0.308,*4/*4,*5B/*5B
F00995-P,DQB,Female,51,87%,82%,0.261,167,527,33,6,110,69,180,8,12,21,33,87,57,NT,NT,45,0.633,42,8,0.608,6,22,8.52,22,NT,NT,NT,4.65,1.04,*4/*4,*5B/*5B
M00995-P,DSL,Male,58,83%,83%,0.15,88,355,36,32,66,18,167,73,14,19,46,42,23,422,16,7,0.71,TBD,5,0.12,TBD,TBD,TBD,TBD,NT,NT,NT,NT,NT,NT,NT
F00995-P,DSX,Female,56,90%,99%,0.558,61,394,98,8,31,24,102,28,14,23,17,15,10,NT,NT,21,10.3,77.2,9,3.2,19.8,3,84.9,10.7,*1/*5,*1/*1,*1/*1,5.71,0.11,*4/*10,*5B/*6A
M00995-P,DUX,Male,0.67,84%,96%,0.396,41,202,21,11,0,2,53,53,2,22,54,15,6,NT,NT,6,3.53,60.8,10.5,0.5,10,67.4,2.22,221,NT,NT,NT,5,1,*4/*4,*4/*6A
F00995-P,DVA,Female,11,90%,98%,0.511,75,478,45,20,62,35,207,68,34,44,11,112,36,NT,NT,8,31.4,28.9,7,4.31,14.3,2,74.2,18.8,NT,NT,NT,NT,NT,NT,NT
M00995-P,DZK,Male,0.0027,91%,98%,0.45,28,52,24,1,45,35,29,57,12,13,100,114,41,NT,NT,3,1.48,1.29,9,0.29,15.2,9,23.6,19.7,*1/*4,*1/*2,*1/*2,3.84,0.03,*4/*4,*5B/*5B
M00995-P,EBS,Male,49,92%,95%,0.712,91,430,55,23,4,4,141,39,9,46,22,21,9,NT,NT,16,18.2,32.5,11,2.88,38.7,5,30.3,26.1,NT,NT,NT,8.73,0.77,*4/*4,*4/*5B
M00995-P,EIQ,Male,7,88%,98%,0.347,46,449,41,15,15,11,119,32,47,13,30,97,48,224,17,6,38.6,TBD,12,7.93,TBD,TBD,TBD,TBD,NT,NT,NT,3.17,2.47,*4/*10,*4/*6
F00995-P,ETA,Female,80,85%,70%,0.156,25,15,7,4,83,NT,NT,32,1,16,18,56,NT,NT,NT,22,11.28,NT,NT,NT,NT,8,19.27,NT,wt/wt,wt/wt,wt/*2,0.218,2.085,*4/*4,*4/*5B
M00995-P,EUJ,Male,45,85%,96%,0.133,53,438,17,9,8,5,103,23,BQL,26,23,7,3,180,26,16,2.01,TBD,13,0.38,TBD,20,3.76,TBD,NT,NT,NT,NT,NT,NT,NT
M00995-P,EYP,Male,3,93%,94%,0.191,94,370,183,10,6,8,212,47,10,35,42,102,91,142,NT,24,0.82,48.9,5,0.097,6.52,8,7.22,286,NT,NT,NT,15.72,0.09,*4/*10,*6A/*6A
F00995-P,FCL,Female,0.833,84%,99%,0.428,78,377,18,21,112,NT,NT,72,NT,21,29,210,NT,NT,NT,4.12,2.69,NT,1.79,1.31,NT,7.45,21.1,NT,NT,NT,NT,NT,NT,NT,NT
M00995-P,FLO,Male,1.167,93%,95%,0.304,97,328,51,29,20,NT,NT,43,28,14,103,42,NT,NT,NT,14,2.54,NT,10,0.62,TBD,41,3.3,NT,NT,NT,NT,48.23,9.61,*10/*10,*4/*6A
M00995-P,FWG,Male,48,90%,98%,0.531,159,616,80,11,171,171,233,85,3,29,15,73,79,279,95,18,16.4,TBD,5,16.5,TBD,5,25.9,TBD,NT,NT,NT,NT,NT,NT,NT
M00995-P,GID,Male,58,94%,98%,0.261,87,526,35,9,5,14,217,32,1,21,25,74,77,380,110,14,5.64,TBD,10,1.59,TBD,6,41.3,TBD,NT,NT,NT,15.62,3.85,*10/*10,*4/*5
M00995-P,GKJ,Male,52,90%,96%,0.204,64,532,73,14,89,4,122,38,12,44,31,37,15,211,45,24,2.23,TBD,12,0.8,TBD,35,2.79,TBD,NT,NT,NT,1.83,1.4,*4/*4,*4/*5B
F00995-P,GNA,Female,71,83%,85%,0.241,173,473,100,72,131,NT,NT,37,27,20,17,62,NT,NT,NT,19,1.53,16,4,0.91,8,4,26.4,76,NT,NT,NT,2.98,0.87,*4/*14A,*4/*4
M00995-P,GNF,Male,29,97%,82%,0.174,143,456,81,40,15,8,49,35,4,30,58,76,23,150,8,13,1.25,15,13.5,0.16,9.51,21,1.6,89.7,NT,NT,NT,NT,NT,NT,NT
M00995-P,GQJ,Male,52,86%,98%,0.282,80,474,36,14,80,9,206,32,0.05,43,25,16,6,287,18,28,2.54,TBD,9.71,1.43,TBD,25.7,5.92,TBD,NT,NT,NT,NT,NT,NT,NT
M00995-P,GWD,Male,74,97%,96%,0.23,134,573,73,12,14,4,93,22,8,58,34,29,8,205,12,36,1.68,38.5,6,3.08,8.39,14,7.71,22.5,NT,NT,NT,3.37,1.18,*4/*4,*4/*5
F00995-P,HHR,Female,10,98%,98%,0.335,77,328,71,2,25,5,41,4,20,9,79,49,18,83,TBD,21,10.4,TBD,8,1.26,TBD,5,40.2,TBD,NT,NT,NT,3.81,0.61,*4/*4,*4/*5
F00995-P,HJK,Female,30,89%,98%,0.261,156,634,34,3,8,16,218,36,3,55,39,3,4,141,37,13,6.35,19.1,12,0.72,11.5,22,6.88,35.2,NT,NT,NT,3.62,1.51,*4/*4,*5A/*6B
F00995-P,HLY,Female,4,81%,98%,0.365,34,411,19,15,17,7,197,31,17,12,21,124,31,74,27,11,2.86,21.6,10,1.01,16.1,13,11.1,25.1,NT,NT,NT,NT,NT,NT,NT
F00995-P,HND,Female,53,92%,98%,0.497,62,396,64,85,121,14,207,41,26,24,16,60,76,NT,NT,17,26.1,33.9,15,2.77,16.7,5,13.4,208,*1/*1,*1/*1,*1/*2,2.57,TBD,*10/*10,*4/*13A
M00995-P,HNN,Male,16,97%,98%,0.439,208,354,79,3,3,5,13,7,1,10,156,11,15,83,NT,21,4.96,47,7,2.33,5.65,7,38.1,41,*1/*10,*1/*1,*1/*1,5.8,0.11,*4/*4,*5B/*6A
M00995-P,IGU,Male,51,86%,98%,0.41,35,456,56,2,18,4,76,17,0.5,10,18,4,3,236,18,31,2.86,TBD,13,0.83,TBD,37,4.72,TBD,NT,NT,NT,NT,NT,NT,NT
M00995-P,IKB,Male,28,93%,98%,0.278,126,573,90,7,17,6,73,29,7,35,37,3,3,157,20,23,6.44,52.8,8,3.64,13.6,18,13.9,68,NT,NT,NT,NT,NT,NT,NT
M00995-P,IXL,Male,56,90%,87%,0.18,159,573,63,41,34,37,249,70,18,33,28,91,102,123,50,22,1,TBD,5,0.37,TBD,4,7.87,TBD,NT,NT,NT,NT,NT,NT,NT
F00995-P,JCG,Female,0.333,89%,97%,0.484,57,338,27,5,77,64,174,68,42,11,59,109,52,NT,NT,3,19.4,40,12.2,1.57,20.6,11,15,96.1,NT,*1/*1,NT,2.82,0.08,*4/*10,*5B/*6A
M00995-P,JHY,Male,51,91%,98%,0.171,114,589,73,18,57,22,242,57,1,54,34,13,7,108,42,22,4.23,45.1,5,6.15,5.34,6,40.5,12.7,NT,NT,NT,4.57,5.3,*4/*10,*4/*4
F00995-P,JJO,Female,53,91%,96%,0.218,95,578,34,8,166,129,263,52,6,21,13,109,119,254,62,15,4.12,TBD,5,3.26,TBD,9,27.7,TBD,NT,NT,NT,NT,NT,NT,NT
M00995-P,JLP,Male,0.833,95%,90%,0.479,56,374,95,12,29,22,173,91,10,55,33,167,46,NT,NT,18,1.15,NT,6,0.245,NT,18,6.22,NT,NT,NT,NT,6.33,0.17,*4/*10,*4/6A
F00995-P,JMU,Female,0.25,82%,99%,0.249,35,377,16,3,45,24,221,92,24,17,28,135,35,46,31,4,16.8,TBD,10,2.11,TBD,17,13.2,TBD,NT,NT,NT,NT,NT,NT,NT
F00995-P,JNT,Female,41,90%,98%,0.263,84,479,28,11,56,50,177,74,10,33,19,63,16,NT,NT,15,6.2,28.4,7,0.68,8.82,15,13.9,23.1,*1/*1,*1/*1,*1/*2,NT,NT,NT,NT
F00995-P,JPR,Female,76,92%,94%,0.264,60,472,67,64,65,49,106,24,1,32,15,107,35,216,NT,14,2.32,29.4,7,0.62,7.11,12,6.67,25.8,NT,NT,NT,13.8,0.87,*4/*10,*5B/*6A
M00995-P,JSK,Male,18,75%,97%,0.214,102,427,51,82,25,12,213,38,13,47,41,49,19,124,11,22,3.18,TBD,9,1.26,TBD,18,10.1,TBD,NT,NT,NT,1.29,0.04,*4/*11B,*4/*5B
F00995-P,JTE,Female,52,82%,99%,0.294,198,617,23,4,186,83,306,50,6,24,24,203,134,258,66,12,17.5,TBD,7,9.92,TBD,2,130,TBD,NT,NT,NT,NT,NT,NT,NT
F00995-P,KBK,Female,3,80%,98%,0.396,161,462,39,6,33,22,105,44,16,28,128,32,7,270,32,12,15.5,TBD,10,3.54,TBD,9,31.5,TBD,NT,NT,NT,NT,NT,NT,NT
M00995-P,LDQ,Male,40,89%,97%,0.213,102,547,54,14,82,54,247,32,6,1,23,150,84,87,13,31,2.82,TBD,8,1.29,TBD,9,25.2,TBD,NT,NT,NT,NT,NT,NT,NT
M00995-P,LRW,Male,5,88%,80%,0.154,169,596,66,15,106,38,87,18,BQL,25,42,168,97,NT,NT,15.2,0.39,NT,2.95,0.243,NT,2.92,12.8,NT,NT,NT,NT,NT,NT,NT,NT
M00995-P,LTV,Male,1.58,87%,98%,0.581,51,407,80,7,65,25,197,29,30,2,23,74,17,118,NT,11,33.1,TBD,9,9.1,TBD,7,22.6,TBD,NT,NT,NT,NT,NT,NT,NT
F00995-P,LYZ,Female,34,95%,98%,0.347,61,433,54,11,53,10,202,22,3,0.38,21,37,14,192,90,29,5.08,TBD,8,0.98,TBD,43,4.95,TBD,NT,NT,NT,2.93,1.58,*4/*4,*4/*5B
F00995-P,MHK,Female,53,90%,98%,0.193,77,528,44,48,9,4,50,8,1,27,21,41,39,98,23,18,4.54,TBD,14,0.59,TBD,7,36.1,TBD,NT,NT,NT,NT,NT,NT,NT
F00995-P,MIM,Female,0.58,72%,86%,0.656,24,169,35,4,4,8,79,51,1,12,5,22,9,NT,NT,6.24,10.1,NT,4.47,2.26,NT,44.9,5.43,NT,NT,NT,NT,NT,NT,NT,NT
M00995-P,MLS,Male,10,85%,97%,0.307,85,383,46,12,8,6,59,11,21,17,77,44,7,NT,NT,14,9.41,42.2,14,2.81,18.7,30,6.04,104,NT,NT,NT,NT,NT,NT,NT
M00995-P,MRW,Male,0.92,85%,99%,0.207,49,366,39,16,0,5,128,46,18,6,30,65,14,NT,NT,7.29,15.6,44.7,7.58,0.83,23.5,28.9,8.09,58.1,NT,NT,NT,5,2,*10/*14A,*4/*6A
M00995-P,NDQ,Male,54,94%,95%,0.185,104,574,54,18,4,5,149,21,0.69,36,30,47,15,189,TBD,20.7,1.16,19.8,5.66,0.17,5.52,14.3,1.65,142,NT,NT,NT,2.52,0.69,*4/*11B,*5B/*5B
F00995-P,NVP,Female,51,91%,96%,0.356,158,414,55,10,117,123,256,149,43,25,17,135,144,70,NT,9,6.51,19.2,5,3.77,9.46,3.21,87,36,*1/*1,*1/*1,*2/*17,4.54,0.22,*4/*4,*5C/*6A
F00995-P,OFA,Female,78,91%,95%,0.573,29,474,55,11,87,15,99,26,3,17,5,105,30,NT,NT,28,2.03,NT,16,0.632,NT,15,12.9,NT,NT,NT,NT,6.27,0.12,*4/*4,*5B/*5C
M00995-P,OGF,Male,59,85%,90%,0.259,65,422,66,46,29,NT,NT,12,0.41,51,33,29,NT,NT,NT,7.75,3.62,NT,6,0.06,NT,13.2,2.45,NT,NT,NT,NT,NT,NT,NT,NT
M00995-P,ONO,Male,23,77%,95%,0.171,209,410,27,4,3,NT,NT,21,0.21,43,105,16,NT,NT,NT,12.5,0.347,NT,6.98,0.447,NT,21.1,1.02,NT,NT,NT,NT,NT,NT,NT,NT
F00995-P,ONR,Female,74,86%,98%,0.486,70,387,51,17,88,46,115,14,1,32,12,38,16,NT,NT,12,8.81,38.2,5,2.39,4.74,9,24.9,29.2,NT,NT,NT,9.84,NT,*4/*10,*4/*6A
M00995-P,OQA,Male,62,88%,93%,0.149,113,309,21,11,0,5,170,40,0.81,52,99,39,8,60,9,11,2.19,13.7,8,0.64,11.2,32,3.09,146,NT,NT,NT,4.75,0.29,*4/*4,*5/*7
F00995-P,OSI,Female,48,84%,80%,0.244,34,368,39,23,113,NT,NT,30,26,18,21,66,NT,NT,NT,4,0.12,NT,NT,NT,NT,9,0.6,NT,wt/wt,wt/wt,wt/*2,0.494,2.141,*4/*10,*4/*7B
M00995-P,OZJ,Male,2,88%,98%,0.419,132,562,46,19,175,247,217,56,24,16,23,123,57,113,79,15.3,14.2,85.1,9.5,9.32,18.4,7.39,23.7,66.1,NT,NT,NT,1.93,2.52,*4/*4,*6A/*6A
M00995-P,PDC,Male,32,81%,98%,0.447,67,427,57,70,77,24,207,40,38,2,12,55,23,NT,NT,20,10.4,29.9,9,2.88,7.98,27,5.8,55.4,NT,NT,NT,5.8,1.33,*4/*10,*4/*5B
F00995-P,PSM,Female,51,86%,97%,0.2,43,500,90,20,16,7,119,26,6,36,7,63,31,NT,NT,17,12.6,47.5,6.31,1.32,15.6,4,28.6,30.1,*1/*1,*1/*1,*1/*17,5.51,0.22,*4/*10,*5B/*5B
M00995-P,QBU,Male,50,93%,98%,0.293,156,578,44,8,75,10,205,59,2,16,28,78,20,148,95,23,3.05,TBD,11,1.08,TBD,38,7.29,TBD,NT,NT,NT,0.79,0.11,*4/*4,*5B/*6A
M00995-P,QNT,Male,58,90%,98%,0.302,130,626,45,21,60,16,212,73,31,33,27,124,100,44,63,12,3.78,TBD,4,0.86,TBD,5,45.5,TBD,NT,NT,NT,2.31,2.29,*10/*10,*4/*5
M00995-P,QZE,Male,39,86%,98%,0.24,292,590,72,7,33,44,257,82,0.34,53,54,6,8,299,157,14,7.61,TBD,6,3.84,TBD,10,19.5,TBD,NT,NT,NT,NT,NT,NT,NT
F00995-P,RIW,Female,53,93%,98%,0.331,147,580,29,7,132,20,267,17,9,24,42,125,23,186,41,16,9.31,TBD,5,1.99,TBD,10,30.4,TBD,NT,NT,NT,NT,NT,NT,NT
F00995-P,RMG,Female,13,91%,98%,0.681,96,384,38,11,72,20,199,67,2,19,25,17,9,159,NT,24,7.31,63.2,6,3.05,8.95,24,8.72,84,*1/*4,*1/*1,*1/*1,5.66,NT,*4/*10,*4/*6A
M00995-P,RMH,Male,27,92%,97%,0.212,48,350,37,19,16,5,174,22,21,8,27,36,10,NT,NT,27.1,1.96,46.1,10.7,0.19,8.2,51.1,1.18,159,NT,NT,NT,NT,NT,NT,NT
F00995-P,RSE,Female,61,87%,98%,0.471,65,476,29,16,68,66,162,50,5,26,8,121,41,NT,NT,30.4,10.9,72.5,8.36,4.56,8.79,12.9,23.2,62.7,NT,NT,NT,NT,NT,NT,NT
F00995-P,RSF,Female,52,86%,88%,0.309,78,481,46,3,20,NT,NT,41,0.5,5,17,16,NT,NT,NT,17.1,2.18,NT,15.8,0.29,NT,7.68,7.6,NT,NT,NT,NT,NT,NT,NT,NT
F00995-P,SHW,Female,0.58,93%,98%,0.44,110,273,49,2,97,217,186,58,17,14,80,91,98,29,13,2.96,3.97,12.6,5.73,5.31,10.6,4.58,38.8,20.8,NT,NT,NT,NT,NT,NT,NT
M00995-P,SMC,Male,50,84%,91%,0.252,145,576,45,33,123,30,267,49,56,44,38,117,46,147,85,11,2.79,TBD,9,0.61,TBD,16,7.31,TBD,NT,NT,NT,NT,NT,NT,NT
M00995-P,SNP,Male,62,90%,97%,0.163,123,364,25,12,2,6,194,46,1,56,110,40,9,71,10,19,2.16,32.9,9,0.81,12.8,36,3.32,136,NT,NT,NT,2.42,0.33,*4/*4,*5/*7
M00995-P,SRT,Male,48,95%,98%,0.298,192,626,58,18,137,150,226,38,4,1,19,207,138,276,109,14,22.5,27.3,6,5.22,16.2,3,116,35.9,NT,NT,NT,5.89,0.73,*4/*4,*5/*6
M00995-P,SSR,Male,22,83%,99%,0.282,115,494,28,32,165,22,193,55,21,2,39,113,29,NT,NT,14,5.82,NT,16,0.7,NT,22,7.71,NT,NT,NT,NT,7.25,0.12,*4/*4,*5B/*6A
M00995-P,STL,Male,0.83,83%,98%,0.402,40,226,53,24,14,8,159,29,25,25,41,124,24,137,NT,7.19,13,TBD,15.2,0.43,TBD,16.6,13,TBD,NT,NT,NT,NT,NT,NT,NT
M00995-P,SYF,Male,25,93%,98%,0.247,89,549,53,14,159,66,294,55,8,56,25,122,87,476,46,18,9.35,TBD,10,2.96,TBD,4,53.7,TBD,NT,NT,NT,NT,NT,NT,NT
F00995-P,THM,Female,80,78%,79%,0.242,147,518,42,30,40,5,104,51,40,14,53,21,21,NT,NT,15.3,2.48,46.6,6.64,0.17,9.87,20.3,3.76,44,NT,NT,NT,NT,NT,NT,NT
F00995-P,TLY,Female,0.167,91%,99%,0.336,146,267,89,3,9,6,135,185,14,19,161,53,13,NT,NT,4.67,5.2,75.3,9.67,1.49,9.73,23,12.7,96,NT,NT,NT,13,1,*4/*10,*5B/*5B
F00995-P,TNX,Female,0.67,86%,87%,0.345,94,521,32,17,132,28,161,45,BQL,18,38,44,28,NT,NT,7.56,1.59,28.9,8.58,0.52,14.6,27.3,3.75,175,NT,NT,NT,2.31,0.12,*4/*4,*5B/*7B
F00995-P,TVR,Female,7,96%,98%,0.503,196,380,25,9,27,10,122,16,3,15,150,19,7,NT,NT,10,32.9,47.9,3,2.39,10.7,3,54.4,16.6,NT,NT,NT,2.34,0.22,*4/*4,*5B/*6A
M00995-P,TWJ,Male,33,78%,98%,0.222,66,351,22,68,126,23,237,42,21,33,34,99,34,110,18,17,10.8,TBD,14,1.29,TBD,32,7.77,TBD,NT,NT,NT,NT,NT,NT,NT
F00995-P,TXH,Female,34,93%,98%,0.414,58,417,54,9,56,11,189,19,3,0.33,20,38,12,NT,NT,27,9.28,TBD,9,1.84,TBD,34,6.49,TBD,NT,NT,NT,NT,NT,NT,NT
M00995-P,TZU,Male,41,73%,90%,0.485,135,545,38,58,172,109,159,95,52,4,15,50,35,NT,NT,15.2,12.9,34.1,6.05,2.18,7.58,5.18,34.8,35.4,NT,NT,NT,NT,NT,NT,NT
M00995-P,UBV,Male,57,98%,93%,0.706,120,447,118,38,57,10,203,67,1,9,13,37,15,NT,NT,21,20.2,58.3,11,4.87,23.3,5,54.9,32.4,*3/*41,*1/*3,*1/*1,1.32,1.4,*10/*10,*4/*5B
M00995-P,UNR,Male,52,92%,95%,0.191,169,416,111,14,43,12,213,94,BQL,9,36,31,12,NT,NT,11,1.02,42.7,2.19,0.137,3.9,11,1.63,61,*4/*41,*1/*1,*1/*17,NT,NT,NT,NT
M00995-P,UYL,Male,34,84%,97%,0.23,128,405,51,3,33,23,135,100,0.25,29,50,37,22,NT,NT,16.9,0.893,37.3,8.27,0.66,7.04,20.7,2.87,57.1,NT,NT,NT,NT,NT,NT,NT
F00995-P,VHB,Female,57,86%,80%,0.271,112,398,32,108,73,61,114,35,4,4,23,123,49,NT,NT,6.71,4.81,NT,5.77,0.98,NT,8.81,10.6,NT,NT,NT,NT,NT,NT,NT,NT
M00995-P,VKB,Male,45,88%,97%,0.383,114,454,37,3,96,96,226,51,8,28,30,63,44,222,NT,24,5.78,76.8,12,1.96,14.6,7,23.8,45.2,NT,NT,NT,NT,NT,NT,NT
F00995-P,VNL,Female,48,84%,80%,0.2,43,396,46,23,127,NT,NT,32,29,20,21,77,NT,NT,NT,3,0.12,NT,NT,NT,NT,7,1.19,NT,wt/wt,wt/wt,wt/*2,11,1,*4/*10,*4/*7B
F00995-P,VUA,Female,68,85%,70%,0.466,43,399,66,23,65,NT,NT,17,2,8,21,125,NT,NT,NT,39,NT,NT,NT,NT,NT,15,NT,NT,NT,NT,NT,NT,NT,NT,NT
M00995-P,WBU,Male,52,83%,85%,0.202,171,557,25,19,127,125,191,36,0,48,24,66,11,98,74,12,1.61,TBD,5,0.51,TBD,19,4.12,TBD,NT,NT,NT,NT,NT,NT,NT
F00995-P,WKF,Female,59,92%,97%,0.251,56,448,62,9,78,14,175,31,12,5,31,31,11,207,BQL,22,1.25,TBD,11,1.03,TBD,36,2.66,TBD,NT,NT,NT,7.61,0.52,*4/*11B,*4/*6A
M00995-P,WNP,Male,72,94%,98%,0.201,117,574,49,19,42,9,167,30,2,47,27,34,9,216,37,18,5.83,28.7,6,1.9,9.15,7,28.1,12,NT,NT,NT,NT,NT,NT,NT
F00995-P,WSL,Female,52,85%,98%,0.439,87,469,23,8,83,14,204,75,6,15,17,83,67,NT,NT,16,12.6,48.9,7,3.75,9.52,4,66.3,11.1,*41/*41,*1/*1,*1/*2,12.15,3.12,*4/*4,*4/*5C
M00995-P,WSS,Male,1,83%,97%,0.261,137,449,63,12,132,245,217,95,BQL,24,35,124,106,189,59,23.3,1.51,TBD,8.08,1.68,TBD,13.5,14.2,TBD,NT,NT,NT,NT,NT,NT,NT
M00995-P,WWL,Male,13,93%,97%,0.171,41,429,82,0,1,1,109,14,1,6,21,,2,183,9,23,0.69,25.8,10,0.19,12.7,26,2.64,49.7,NT,NT,NT,NT,NT,NT,NT
M00995-P,WWV,Male,36,86%,97%,0.216,88,400,39,11,13,9,55,6,4,0.2,63,37,10,NT,NT,16,3.44,28.7,12,0.257,8.65,23,3.74,59,NT,NT,NT,NT,NT,NT,NT
M00995-P,XGI,Male,49,90%,98%,0.217,84,435,53,6,46,9,177,48,8,32,26,25,9,336,26,19,7.03,20.2,6,2.81,6.53,13,19,27.9,NT,NT,NT,6.05,1.64,*4/*10,*4/*5
F00995-P,XSM,Female,59,93%,97%,0.325,71,539,56,8,86,21,217,27,12,60,42,98,58,216,19,27,4.63,TBD,11,3.12,TBD,12,20.7,TBD,NT,NT,NT,3.37,0.3,*4/*4,*5B/*6A
M00995-P,YJX,Male,0.25,91%,97%,0.649,47,277,23,3,14,21,108,72,53,33,36,109,42,NT,NT,6,9.02,80.1,11,0.873,18.1,6,29.5,262,*1/*1XN,*1/*1,*1/*17,25.17,0.3,*4/*10,*4/*7B
F00995-P,YNM,Female,48,93%,85%,0.157,36,383,25,2,2,5,221,12,2,13,23,1,2,194,NT,7.69,2.11,TBD,7.96,0.23,TBD,22.1,1.78,TBD,NT,NT,NT,NT,NT,NT,NT
F00995-P,YNS,Female,49,89%,97%,0.324,81,421,49,16,14,23,239,54,26,18,35,55,54,559,NT,19,8.97,46.2,10,5.3,9.88,9,24,39.1,NT,NT,NT,10.58,0.85,*10/*11A,*5B/*6A
F00995-P,YNZ,Female,67,80%,98%,0.267,70,418,164,14,30,17,257,42,0,25,19,39,47,291,NT,13,5.46,TBD,9,0.73,TBD,12,14.5,TBD,NT,NT,NT,8.59,0.96,*4/*10,*5B/*6A
M00995-P,YOW,Male,78,92%,87%,0.171,82,448,47,13,20,NT,NT,20,BQL,15,36,4,NT,NT,NT,10.2,0.62,NT,11.3,0.11,NT,15.8,3.38,NT,NT,NT,NT,NT,NT,NT,NT
M00995-P,YTW,Male,19,91%,98%,0.286,92,402,27,15,34,4,136,29,20,14,88,52,27,127,NT,24,5.15,TBD,12,1.48,TBD,10,17.4,TBD,NT,NT,NT,NT,NT,NT,NT
M00995-P,ZEY,Male,62,86%,92%,0.435,67,392,61,3,53,13,100,48,4,4,24,25,9,NT,NT,20,3.89,TBD,5,0.6,TBD,19,7.82,TBD,*1/*1,*1/*1,*1/*2,5.63,0.75,*4/*11,*6A/*7B
M00995-P,ZGF,Male,33,87%,95%,0.236,79,449,36,26,39,13,130,51,3,37,20,11,7,89,41,18.5,1.92,TBD,9.76,0.543,TBD,42.7,4.52,TBD,NT,NT,NT,NT,NT,NT,NT
F00995-P,ZHL,Female,72,92%,98%,0.485,126,505,73,3,40,13,195,31,1,0.48,35,49,13,NT,NT,29,4.69,43.1,8,1.26,12.7,11,24.2,34.3,*3/*4,*1/*2,*1/*1,10.68,0.28,*4/*4,*5B/*6A
M00995-P,ZNJ,Male,3,84%,98%,0.423,79,427,99,40,104,20,191,79,23,43,19,129,58,78,66,16,9.08,TBD,3,3.51,TBD,9,24.5,TBD,*1/*4,*1/*1,*1/*2,5.28,0.11,*4/*4,*5B/*6A
M00995-P,ZNN,Male,28,88%,98%,0.366,133,660,48,55,179,34,178,69,BQL,31,19,145,73,324,129,27,4.19,38.4,7,0.6,10.8,37,4.42,148,NT,NT,NT,1.04,1.12,*4/*4,*4/*5B
M00995-P,ZSE,Male,60,89%,98%,0.252,98,478,76,16,42,62,214,85,0.74,1,30,30,12,NT,NT,11,3.91,23,7,1.05,11.3,19,6.24,38.8,NT,NT,NT,5.51,1,*4/*4,*4/*5B
M00995-P,ZVZ,Male,45,85%,89%,0.206,68,472,58,16,111,7,181,27,8,17,23,75,74,64,9,23,0.97,TBd,5,0.22,TBD,6,15,TBD,NT,NT,NT,NT,NT,NT,NT
M00995-P,ZZG,Male,39,88%,94%,0.228,103,494,18,15,144,67,250,74,4,12,20,110,86,98,36,26,1.48,TBD,7,0.93,TBD,12,11.3,TBD,NT,NT,NT,2.68,0.4,*4/*4,*5B/*6A
